{"cameraMode":{"drawMode":0,"name":"Shaded","section":"Shading Mode"},"sceneLighting":false,"audioPlay":false,"sceneViewState":{"m_AlwaysRefresh":false,"showFog":true,"showSkybox":false,"showFlares":true,"showImageEffects":true,"showParticleSystems":true,"showVisualEffectGraphs":true,"m_FxEnabled":true},"in2DMode":false,"pivot":{"x":13.732402801513672,"y":7.134771347045898,"z":-1.714631199836731},"rotation":{"x":0.13546788692474366,"y":0.013375241309404374,"z":-0.0018289166036993266,"w":0.990690290927887},"size":31.353275299072267,"orthographic":false}